Full Name,Corporate Email,Mobile Number,Employee ID,Department,Base Office Hub,Platform Role,Initial Wallet Credit
"Aryan","Mondalaryan.mondal001@kolkatamobility.example","+91 9861052066","EMP-1001","Product","Park Street Business Hub","","250"
"Uday","Duttauday.dutta002@kolkatamobility.example","+91 9837586461","EMP-1002","Finance","Park Street Business Hub","","1500"
"Rohan","Nandirohan.nandi003@kolkatamobility.example","+91 9830847128","EMP-1003","Administration","Kolkata Tech Hub (Sector V)","","1500"
"Neha","Sahaneha.saha004@kolkatamobility.example","+91 9838071231","EMP-1004","Sales","Kolkata Tech Hub (Sector V)","","750"
"Rahul C","hatterjeerahul.chatterjee005@kolkatamobility.example","+91 9875839176","EMP-1005","Operations","Howrah Transit Hub","","500"
"Vaishnavi","Karvaishnavi.kar006@kolkatamobility.example","+91 9838914977","EMP-1006","IT","Esplanade Mobility Hub","","1500"
"Mihir","Nandimihir.nandi007@kolkatamobility.example","+91 9819407529","EMP-1007","Finance","Dum Dum Business Hub","","1000"
"Neel","Duttaneel.dutta008@kolkatamobility.example","+91 9875621282","EMP-1008","Finance","Howrah Transit Hub","","750"
"Ananya","Singhananya.singh009@kolkatamobility.example","+91 9835545327","EMP-1009","Legal","Rajarhat Corporate Hub","","500"
"Yash","Mitrayash.mitra010@kolkatamobility.example","+91 9843634864","EMP-1010","Finance","Dum Dum Business Hub","","0"
"Disha","Jaindisha.jain011@kolkatamobility.example","+91 9868422208","EMP-1011","Administration","Howrah Transit Hub","","1000"
"Meera G","hoshmeera.ghosh012@kolkatamobility.example","+91 9853626067","EMP-1012","Finance","Dum Dum Business Hub","","500"
"Nandini","Patelnandini.patel013@kolkatamobility.example","+91 9898891565","EMP-1013","Data  Analytics","Dum Dum Business Hub","","1500"
"Amit","Bhattacharyaamit.bhattacharya014@kolkatamobility.example","+91 9862379438","EMP-1014","Human  Resources","Rajarhat Corporate Hub","","1500"
"Maya","Jainmaya.jain015@kolkatamobility.example","+91 9871862140","EMP-1015","Marketing","New Town Mobility Hub","","0"
"Rajat","Banerjeerajat.banerjee016@kolkatamobility.example","+91 9820138787","EMP-1016","Legal","Rajarhat Corporate Hub","","500"
"Aisha","Patelaisha.patel017@kolkatamobility.example","+91 9872224262","EMP-1017","Data  Analytics","Salt Lake Corporate Hub","","0"
"Debarati","Jaindebarati.jain018@kolkatamobility.example","+91 9861410333","EMP-1018","Data  Analytics","Howrah Transit Hub","","1500"
"Deb","Mukherjeedeb.mukherjee019@kolkatamobility.example","+91 9865855374","EMP-1019","Finance","Park Street Business Hub","","250"
"Sourav","Singhsourav.singh020@kolkatamobility.example","+91 9825261511","EMP-1020","Engineering","Dum Dum Business Hub","","250"
"Debarati","Kardebarati.kar021@kolkatamobility.example","+91 9825564073","EMP-1021","Administration","Kolkata Tech Hub (Sector V)","","0"
"Tuhin","Banerjeetuhin.banerjee022@kolkatamobility.example","+91 9856909906","EMP-1022","Administration","Dum Dum Business Hub","","250"
"Parth","Bhattacharyaparth.bhattacharya023@kolkatamobility.example","+91 9872194771","EMP-1023","Marketing","Kolkata Tech Hub (Sector V)","","500"
"Disha","Sahadisha.saha024@kolkatamobility.example","+91 9832240168","EMP-1024","C ustomer  Support","Dum Dum Business Hub","","1500"
"Rajat","Boserajat.bose025@kolkatamobility.example","+91 9832965767","EMP-1025","Administration","Rajarhat Corporate Hub","","250"
"Rohit","Duttarohit.dutta026@kolkatamobility.example","+91 9817342754","EMP-1026","Data  Analytics","Kolkata Tech Hub (Sector V)","","1500"
"Rahul G","hoshrahul.ghosh027@kolkatamobility.example","+91 9814647646","EMP-1027","Operations","Rajarhat Corporate Hub","","0\n1500"
"Piyali","Palpiyali.pal028@kolkatamobility.example","+91 9830974419","EMP-1028","C ustomer  Support","Salt Lake Corporate Hub","","0"
"Debjit","Mitradebjit.mitra029@kolkatamobility.example","+91 9851308271","EMP-1029","Legal","Esplanade Mobility Hub","","0"
"Aditya G","angulyaditya.ganguly030@kolkatamobility.example","+91 9870362691","EMP-1030","Data  Analytics","Park Street Business Hub","","1000"
"Rahul","Royrahul.roy031@kolkatamobility.example","+91 9881795325","EMP-1031","Legal","Esplanade Mobility Hub","","1000"
"Subhajit","Jainsubhajit.jain032@kolkatamobility.example","+91 9820162861","EMP-1032","Finance","Kolkata Tech Hub (Sector V)","","1500"
"Debanjan C","hatterjeedebanjan.chatterjee033@kolkatamobility.example","+91 9891529560","EMP-1033","Data  Analytics","Dum Dum Business Hub","","1000"
"Rajat","Dasrajat.das034@kolkatamobility.example","+91 9814786163","EMP-1034","Human  Resources","Dum Dum Business Hub","","1000"
"Sneha","Palsneha.pal035@kolkatamobility.example","+91 9872322321","EMP-1035","OperationsDum  Dum  Business  HubEmployee  ( Carpool  Rider/Driver)\nLegal","Howrah Transit Hub","","0"
"Madhur G","angulymadhur.ganguly036@kolkatamobility.example","+91 9863278307","EMP-1036","Finance","Howrah Transit Hub","","1500"
"Neha","Mandalneha.mandal037@kolkatamobility.example","+91 9860534236","EMP-1037","Sales","Rajarhat Corporate Hub","","0"
"Mihir","Mehtamihir.mehta038@kolkatamobility.example","+91 9813876116","EMP-1038","Data  Analytics","Howrah Transit Hub","","500"
"Rohit","Patelrohit.patel039@kolkatamobility.example","+91 9872429495","EMP-1039","IT","Kolkata Tech Hub (Sector V)","","0"
"Maya","Sharmamaya.sharma040@kolkatamobility.example","+91 9853348743","EMP-1040","C ustomer  Support","Howrah Transit Hub","","0"
"Samar","Roysamar.roy041@kolkatamobility.example","+91 9819222820","EMP-1041","Operations","Salt Lake Corporate Hub","","1500"
"Vivek","Karvivek.kar042@kolkatamobility.example","+91 9824087699","EMP-1042","Finance","Howrah Transit Hub","","750"
"Vikash","Mukherjeevikash.mukherjee043@kolkatamobility.example","+91 9870490446","EMP-1043","Marketing","Howrah Transit Hub","","1500"
"Piyali","Bhowmikpiyali.bhowmik045@kolkatamobility.example","+91 9812328992","EMP-1045","C ustomer  Support","Rajarhat Corporate Hub","","1000"
"Sayan","Bhowmiksayan.bhowmik046@kolkatamobility.example","+91 9823778954","EMP-1046","Finance","Dum Dum Business Hub","","750"
"Ananya","Paulananya.paul047@kolkatamobility.example","+91 9867237478","EMP-1047","Engineering","Salt Lake Corporate Hub","","0"
"Mihir","Sarkarmihir.sarkar048@kolkatamobility.example","+91 9880623432","EMP-1048","Operations","New Town Mobility Hub","","500"
"Vivek","Nandivivek.nandi049@kolkatamobility.example","+91 9876637196","EMP-1049","C ustomer  Support","Esplanade Mobility Hub","","1500"
"Koushik","Sahakoushik.saha050@kolkatamobility.example","+91 9855192599","EMP-1050","Data  Analytics","Dum Dum Business Hub","","1500"
"Vaishnavi","Sharmavaishnavi.sharma051@kolkatamobility.example","+91 9866874789","EMP-1051","Legal","Kolkata Tech Hub (Sector V)","","1000"
"Rahul","Bhowmikrahul.bhowmik052@kolkatamobility.example","+91 9835271046","EMP-1052","Product","Howrah Transit Hub","","750"
"Rohan","Vermarohan.verma053@kolkatamobility.example","+91 9869151457","EMP-1053","Sales","New Town Mobility Hub","","250"
"Suman","Bhattacharyasuman.bhattacharya054@kolkatamobility.example","+91 9816876387","EMP-1054","Engineering","New Town Mobility Hub","","250"
"Akash","Mitraakash.mitra055@kolkatamobility.example","+91 9871024743","EMP-1055","IT","New Town Mobility Hub","","1000"
"Samar","Vermasamar.verma056@kolkatamobility.example","+91 9811480567","EMP-1056","Administration","Howrah Transit Hub","","1500"
"Maya","Mandalmaya.mandal057@kolkatamobility.example","+91 9898740456","EMP-1057","Data  Analytics","Salt Lake Corporate Hub","","500"
"Neha","Biswasneha.biswas058@kolkatamobility.example","+91 9872414273","EMP-1058","Human  Resources","Kolkata Tech Hub (Sector V)","","250"
"Sourav","Nandisourav.nandi059@kolkatamobility.example","+91 9890649915","EMP-1059","Finance","Rajarhat Corporate Hub","","1000"
"Tanmay","Mehtatanmay.mehta060@kolkatamobility.example","+91 9879765800","EMP-1060","C ustomer  Support","Howrah Transit Hub","","1000"
"Ishita","Bhattacharyaishita.bhattacharya061@kolkatamobility.example","+91 9837476063","EMP-1061","Finance","Dum Dum Business Hub","","250"
"Koushik G","angulykoushik.ganguly062@kolkatamobility.example","+91 9883249117","EMP-1062","Marketing","Rajarhat Corporate Hub","","0"
"Raj","Biswasraj.biswas063@kolkatamobility.example","+91 9822740021","EMP-1063","Human  Resources","Esplanade Mobility Hub","","500"
"Mitali C","hatterjeemitali.chatterjee064@kolkatamobility.example","+91 9864294034","EMP-1064","Administration","Salt Lake Corporate Hub","","750"
"Rohan","Bhowmikrohan.bhowmik065@kolkatamobility.example","+91 9827527058","EMP-1065","Human  Resources","Salt Lake Corporate Hub","","250"
"Sourav","Paulsourav.paul066@kolkatamobility.example","+91 9851551652","EMP-1066","Product","Salt Lake Corporate Hub","","1000"
"Nikhil","Bhattacharyanikhil.bhattacharya067@kolkatamobility.example","+91 9854545406","EMP-1067","Human  Resources","Rajarhat Corporate Hub","","0"
"Debarati","Bhowmikdebarati.bhowmik068@kolkatamobility.example","+91 9825496339","EMP-1068","IT","Park Street Business Hub","","1000"
"Yash","Bhowmikyash.bhowmik069@kolkatamobility.example","+91 9875305786","EMP-1069","Operations","Dum Dum Business Hub","","1000"
"Aniket","Nandianiket.nandi070@kolkatamobility.example","+91 9863558509","EMP-1070","Sales","Howrah Transit Hub","","1500"
"Tanmay G","hoshtanmay.ghosh071@kolkatamobility.example","+91 9849193010","EMP-1071","Operations","Salt Lake Corporate Hub","","1500\n0"
"Sanjana","Bhowmiksanjana.bhowmik072@kolkatamobility.example","+91 9839198956","EMP-1072","Engineering","Rajarhat Corporate Hub","","750"
"Niraj","Senniraj.sen073@kolkatamobility.example","+91 9829431807","EMP-1073","Data  Analytics","Kolkata Tech Hub (Sector V)","","0"
"Tuhin","Nandituhin.nandi074@kolkatamobility.example","+91 9847834253","EMP-1074","Operations","New Town Mobility Hub","","500"
"Sneha","Mondalsneha.mondal075@kolkatamobility.example","+91 9835218324","EMP-1075","Product","Kolkata Tech Hub (Sector V)","","750"
"Maya","Senmaya.sen076@kolkatamobility.example","+91 9834093485","EMP-1076","IT","Dum Dum Business Hub","","1000"
"Aniket","Banerjeeaniket.banerjee077@kolkatamobility.example","+91 9816596921","EMP-1077","Marketing","Esplanade Mobility Hub","","500"
"Niraj","Jainniraj.jain078@kolkatamobility.example","+91 9840294628","EMP-1078","Sales","Rajarhat Corporate Hub","","0"
"Madhuri","Roymadhuri.roy079@kolkatamobility.example","+91 9830530706","EMP-1079","Human  ResourcesDum  Dum  Business  HubEmployee  ( Carpool  Rider)\nIT","Esplanade Mobility Hub","","1500"
"Riya","Sahariya.saha080@kolkatamobility.example","+91 9821548093","EMP-1080","Product","Park Street Business Hub","","500"
"Manish","Mitramanish.mitra081@kolkatamobility.example","+91 9810557996","EMP-1081","Sales","Kolkata Tech Hub (Sector V)","","250"
"Karan","Palkaran.pal082@kolkatamobility.example","+91 9859570513","EMP-1082","Sales","Esplanade Mobility Hub","","250"
"Kavya","Mitrakavya.mitra083@kolkatamobility.example","+91 9897020061","EMP-1083","Marketing","New Town Mobility Hub","","750"
"Neel","Mandalneel.mandal084@kolkatamobility.example","+91 9851908904","EMP-1084","IT","Rajarhat Corporate Hub","","1500"
"Shubham","Singhshubham.singh085@kolkatamobility.example","+91 9870380158","EMP-1085","Human  Resources","Rajarhat Corporate Hub","","500"
"Neha","Dasneha.das086@kolkatamobility.example","+91 9819818382","EMP-1086","Product","Howrah Transit Hub","","750"
"Tuhin","Mandaltuhin.mandal087@kolkatamobility.example","+91 9849779853","EMP-1087","IT","Dum Dum Business Hub","","250"
"Akash","Bhowmikakash.bhowmik089@kolkatamobility.example","+91 9824989814","EMP-1089","Product","Howrah Transit Hub","","750"
"Shubham","Bhattacharyashubham.bhattacharya090@kolkatamobility.example","+91 9872775731","EMP-1090","Operations","Howrah Transit Hub","","500"
"Madhur","Patelmadhur.patel091@kolkatamobility.example","+91 9869141629","EMP-1091","Marketing","Rajarhat Corporate Hub","","1000"
"Aditya","Boseaditya.bose092@kolkatamobility.example","+91 9836794237","EMP-1092","Product","Rajarhat Corporate Hub","","0"
"Debjit","Dasdebjit.das093@kolkatamobility.example","+91 9866990803","EMP-1093","Human  Resources","Esplanade Mobility Hub","","750"
"Ananya G","angulyananya.ganguly094@kolkatamobility.example","+91 9894356587","EMP-1094","Finance","New Town Mobility Hub","","250"
"Debanjan","Roydebanjan.roy095@kolkatamobility.example","+91 9870555714","EMP-1095","Legal","Dum Dum Business Hub","","1000"
"Tanya G","uptatanya.gupta096@kolkatamobility.example","+91 9886064753","EMP-1096","Legal","Kolkata Tech Hub (Sector V)","","0"
"Maya C","hatterjeemaya.chatterjee097@kolkatamobility.example","+91 9877342905","EMP-1097","Human  Resources","Esplanade Mobility Hub","","750"
"Kavya","Banerjeekavya.banerjee098@kolkatamobility.example","+91 9821692291","EMP-1098","C ustomer  Support","Dum Dum Business Hub","","500"
"Zoya","Sahazoya.saha099@kolkatamobility.example","+91 9870254044","EMP-1099","IT","New Town Mobility Hub","","1000"
"Yash","Sahayash.saha100@kolkatamobility.example","+91 9814701482","EMP-1100","Sales","Kolkata Tech Hub (Sector V)","","500"
"Sneha","Patelsneha.patel101@kolkatamobility.example","+91 9821661052","EMP-1101","Engineering","Park Street Business Hub","","500"
"Pallavi","Mandalpallavi.mandal102@kolkatamobility.example","+91 9852604028","EMP-1102","Operations","Kolkata Tech Hub (Sector V)","","1000"
"Pallavi C","hatterjeepallavi.chatterjee103@kolkatamobility.example","+91 9895370696","EMP-1103","Human  Resources","Salt Lake Corporate Hub","","500"
"Anirban","Biswasanirban.biswas104@kolkatamobility.example","+91 9836568857","EMP-1104","Human  Resources","Howrah Transit Hub","","1000"
"Mohit","Mukherjeemohit.mukherjee105@kolkatamobility.example","+91 9850972416","EMP-1105","Product","Kolkata Tech Hub (Sector V)","","0"
"Pranav","Paulpranav.paul106@kolkatamobility.example","+91 9839494825","EMP-1106","Operations","Dum Dum Business Hub","","1500"
"Samir","Sharmasamir.sharma107@kolkatamobility.example","+91 9811539300","EMP-1107","C ustomer  Support","Kolkata Tech Hub (Sector V)","","750"
"Priya","Nandipriya.nandi108@kolkatamobility.example","+91 9890574420","EMP-1108","Finance","Rajarhat Corporate Hub","","500"
"Mitali","Mukherjeemitali.mukherjee109@kolkatamobility.example","+91 9822312636","EMP-1109","Operations","Howrah Transit Hub","","750"
"Koushik","Singhkoushik.singh110@kolkatamobility.example","+91 9860132012","EMP-1110","Administration","Salt Lake Corporate Hub","","0"
"Anjali","Palanjali.pal111@kolkatamobility.example","+91 9892359018","EMP-1111","Administration","Dum Dum Business Hub","","1000"
"Niraj","Mehtaniraj.mehta112@kolkatamobility.example","+91 9885889068","EMP-1112","Legal","Salt Lake Corporate Hub","","750"
"Sagnik","Dassagnik.das113@kolkatamobility.example","+91 9841790460","EMP-1113","Administration","New Town Mobility Hub","","1500"
"Anjali","Dattaanjali.datta114@kolkatamobility.example","+91 9842709966","EMP-1114","Operations","Rajarhat Corporate Hub","","250"
"Vikash","Bhowmikvikash.bhowmik115@kolkatamobility.example","+91 9822648406","EMP-1115","Marketing","Howrah Transit Hub","","1500\n1500"
"Aryan","Patelaryan.patel116@kolkatamobility.example","+91 9841045282","EMP-1116","Legal","Park Street Business Hub","","250"
"Sagnik","Dattasagnik.datta117@kolkatamobility.example","+91 9896198654","EMP-1117","Administration","Rajarhat Corporate Hub","","500"
"Koushik","Bhowmikkoushik.bhowmik118@kolkatamobility.example","+91 9830277239","EMP-1118","IT","Dum Dum Business Hub","","500"
"Mohit","Patelmohit.patel119@kolkatamobility.example","+91 9853525359","EMP-1119","Finance","Rajarhat Corporate Hub","","250"
"Tanmay","Mandaltanmay.mandal120@kolkatamobility.example","+91 9827332270","EMP-1120","Operations","Salt Lake Corporate Hub","","1000"
"Anirban","Patelanirban.patel121@kolkatamobility.example","+91 9815745322","EMP-1121","Marketing","Park Street Business Hub","","500"
"Aarav","Boseaarav.bose122@kolkatamobility.example","+91 9841155171","EMP-1122","Operations","Esplanade Mobility Hub","","1000"
"Debanjan","Dasdebanjan.das123@kolkatamobility.example","+91 9868670741","EMP-1123","ITEsplanade  Mobility  HubEmployee  ( Carpool  Rider)\nLegal","New Town Mobility Hub","","1000"
"Amit","Mandalamit.mandal124@kolkatamobility.example","+91 9876740152","EMP-1124","Sales","Howrah Transit Hub","","250"
"Madhuri","Dattamadhuri.datta125@kolkatamobility.example","+91 9886066220","EMP-1125","Operations","Salt Lake Corporate Hub","","250"
"Rajat","Saharajat.saha126@kolkatamobility.example","+91 9844099914","EMP-1126","Human  Resources","New Town Mobility Hub","","0"
"Sayan","Duttasayan.dutta127@kolkatamobility.example","+91 9833730988","EMP-1127","Finance","Kolkata Tech Hub (Sector V)","","750"
"Aniket G","hoshaniket.ghosh128@kolkatamobility.example","+91 9815495155","EMP-1128","Engineering","Salt Lake Corporate Hub","","1000"
"Disha","Bhowmikdisha.bhowmik129@kolkatamobility.example","+91 9824539680","EMP-1129","Operations","Rajarhat Corporate Hub","","250"
"Aniket","Mehtaaniket.mehta130@kolkatamobility.example","+91 9843828916","EMP-1130","Data  Analytics","New Town Mobility Hub","","750"
"Sneha G","hoshsneha.ghosh131@kolkatamobility.example","+91 9865352407","EMP-1131","Sales","Esplanade Mobility Hub","","0"
"Priya G","angulypriya.ganguly133@kolkatamobility.example","+91 9836080377","EMP-1133","Operations","Park Street Business Hub","","750"
"Ananya","Senananya.sen134@kolkatamobility.example","+91 9890747472","EMP-1134","Engineering","Rajarhat Corporate Hub","","1500"
"Amit","Biswasamit.biswas135@kolkatamobility.example","+91 9847745739","EMP-1135","Product","New Town Mobility Hub","","1500"
"Priya","Karpriya.kar136@kolkatamobility.example","+91 9812983033","EMP-1136","C ustomer  Support","Kolkata Tech Hub (Sector V)","","0"
"Uday","Sahauday.saha137@kolkatamobility.example","+91 9821663659","EMP-1137","Sales","Dum Dum Business Hub","","500"
"Tanya","Kartanya.kar138@kolkatamobility.example","+91 9824842504","EMP-1138","Marketing","Dum Dum Business Hub","","750"
"Amit","Boseamit.bose139@kolkatamobility.example","+91 9839031116","EMP-1139","Product","Salt Lake Corporate Hub","","750"
"Anjali C","hatterjeeanjali.chatterjee140@kolkatamobility.example","+91 9899515870","EMP-1140","Operations","Kolkata Tech Hub (Sector V)","","0"
"Debarati","Duttadebarati.dutta141@kolkatamobility.example","+91 9876488263","EMP-1141","Operations","Esplanade Mobility Hub","","250"
"Meera","Mukherjeemeera.mukherjee142@kolkatamobility.example","+91 9887102280","EMP-1142","C ustomer  Support","Kolkata Tech Hub (Sector V)","","1000"
"Debjit","Mukherjeedebjit.mukherjee143@kolkatamobility.example","+91 9822954851","EMP-1143","Finance","Kolkata Tech Hub (Sector V)","","1000"
"Ishita","Singhishita.singh144@kolkatamobility.example","+91 9869355897","EMP-1144","Operations","Kolkata Tech Hub (Sector V)","","1500"
"Ayush G","hoshayush.ghosh145@kolkatamobility.example","+91 9891065979","EMP-1145","Administration","Dum Dum Business Hub","","500"
"Uday","Pauluday.paul146@kolkatamobility.example","+91 9813365568","EMP-1146","Human  Resources","New Town Mobility Hub","","0"
"Rupam","Boserupam.bose147@kolkatamobility.example","+91 9853480943","EMP-1147","Human  Resources","Dum Dum Business Hub","","500"
"Neha","Karneha.kar148@kolkatamobility.example","+91 9812283789","EMP-1148","Human  Resources","Park Street Business Hub","","750"
"Neel","Dasneel.das149@kolkatamobility.example","+91 9886107423","EMP-1149","Administration","Dum Dum Business Hub","","750"
"Parth","Singhparth.singh150@kolkatamobility.example","+91 9864619878","EMP-1150","Product","Howrah Transit Hub","","500"
"Anirban","Mondalanirban.mondal151@kolkatamobility.example","+91 9850634374","EMP-1151","C ustomer  Support","New Town Mobility Hub","","250"
"Debashis","Dasdebashis.das152@kolkatamobility.example","+91 9819650851","EMP-1152","C ustomer  Support","Park Street Business Hub","","1500"
"Tanmay","Jaintanmay.jain153@kolkatamobility.example","+91 9822070513","EMP-1153","C ustomer  Support","Dum Dum Business Hub","","1000"
"Tanmay","Bosetanmay.bose154@kolkatamobility.example","+91 9833628206","EMP-1154","C ustomer  Support","New Town Mobility Hub","","1500"
"Subhajit G","uptasubhajit.gupta155@kolkatamobility.example","+91 9811380482","EMP-1155","Sales","Park Street Business Hub","","1500"
"Vikash","Senvikash.sen156@kolkatamobility.example","+91 9850114954","EMP-1156","Administration","Howrah Transit Hub","","0"
"Akash","Bhattacharyaakash.bhattacharya157@kolkatamobility.example","+91 9881844321","EMP-1157","C ustomer  Support","Dum Dum Business Hub","","750"
"Sneha","Banerjeesneha.banerjee158@kolkatamobility.example","+91 9834685774","EMP-1158","C ustomer  Support","Howrah Transit Hub","","1500"
"Tanmay G","uptatanmay.gupta159@kolkatamobility.example","+91 9869846069","EMP-1159","C ustomer  Support","New Town Mobility Hub","","0\n750"
"Sanjana","Vermasanjana.verma160@kolkatamobility.example","+91 9811984661","EMP-1160","Finance","New Town Mobility Hub","","750"
"Subhajit","Bhattacharyasubhajit.bhattacharya161@kolkatamobility.example","+91 9882661652","EMP-1161","Human  Resources","New Town Mobility Hub","","750"
"Akash","Biswasakash.biswas162@kolkatamobility.example","+91 9843144187","EMP-1162","Marketing","Dum Dum Business Hub","","1500"
"Karan","Duttakaran.dutta163@kolkatamobility.example","+91 9875750844","EMP-1163","Engineering","Salt Lake Corporate Hub","","1000"
"Amit G","uptaamit.gupta164@kolkatamobility.example","+91 9889018061","EMP-1164","Legal","Park Street Business Hub","","500"
"Sneha","Sahasneha.saha165@kolkatamobility.example","+91 9874585608","EMP-1165","Legal","Howrah Transit Hub","","500"
"Karan","Karkaran.kar166@kolkatamobility.example","+91 9841656350","EMP-1166","Administration","New Town Mobility Hub","","750"
"Pranav","Bosepranav.bose167@kolkatamobility.example","+91 9854929119","EMP-1167","Marketing","Park Street Business Hub","","0"
"Suman","Mehtasuman.mehta168@kolkatamobility.example","+91 9868663753","EMP-1168","Legal","New Town Mobility Hub","","250"
"Vivek","Bhowmikvivek.bhowmik169@kolkatamobility.example","+91 9814780714","EMP-1169","C ustomer  Support","Salt Lake Corporate Hub","","750"
"Madhuri","Karmadhuri.kar170@kolkatamobility.example","+91 9812770874","EMP-1170","Sales","Salt Lake Corporate Hub","","500"
"Debarati","Mandaldebarati.mandal171@kolkatamobility.example","+91 9825762022","EMP-1171","Engineering","Park Street Business Hub","","500"
"Aryan","Banerjeearyan.banerjee172@kolkatamobility.example","+91 9889494404","EMP-1172","Legal","New Town Mobility Hub","","250"
"Aarav","Bhowmikaarav.bhowmik173@kolkatamobility.example","+91 9851184037","EMP-1173","Legal","Rajarhat Corporate Hub","","1000"
"Ayush","Mehtaayush.mehta174@kolkatamobility.example","+91 9898180145","EMP-1174","C ustomer  Support","Salt Lake Corporate Hub","","0"
"Shreya","Sharmashreya.sharma175@kolkatamobility.example","+91 9855594382","EMP-1175","C ustomer  Support","Salt Lake Corporate Hub","","0"
"Amit G","hoshamit.ghosh177@kolkatamobility.example","+91 9812235342","EMP-1177","Legal","Salt Lake Corporate Hub","","1000"
"Aryan","Nandiaryan.nandi178@kolkatamobility.example","+91 9886684892","EMP-1178","Human  Resources","Howrah Transit Hub","","250"
"Rohan G","uptarohan.gupta179@kolkatamobility.example","+91 9869785557","EMP-1179","Sales","Esplanade Mobility Hub","","1500"
"Soumya","Sahasoumya.saha180@kolkatamobility.example","+91 9846159675","EMP-1180","Human  Resources","New Town Mobility Hub","","1000"
"Tuhin","Bhattacharyatuhin.bhattacharya181@kolkatamobility.example","+91 9891258398","EMP-1181","Legal","Kolkata Tech Hub (Sector V)","","1000"
"Samir","Sahasamir.saha182@kolkatamobility.example","+91 9828696835","EMP-1182","Product","Howrah Transit Hub","","0"
"Vikash","Singhvikash.singh183@kolkatamobility.example","+91 9851048604","EMP-1183","Administration","Dum Dum Business Hub","","0"
"Neha G","angulyneha.ganguly184@kolkatamobility.example","+91 9873912903","EMP-1184","IT","Dum Dum Business Hub","","250"
"Sayan","Jainsayan.jain185@kolkatamobility.example","+91 9842801047","EMP-1185","Operations","Howrah Transit Hub","","250"
"Madhur","Roymadhur.roy186@kolkatamobility.example","+91 9898943412","EMP-1186","Engineering","Salt Lake Corporate Hub","","1500"
"Manish","Vermamanish.verma187@kolkatamobility.example","+91 9899719013","EMP-1187","Human  Resources","Howrah Transit Hub","","1500"
"Pallavi","Mehtapallavi.mehta188@kolkatamobility.example","+91 9832808022","EMP-1188","Legal","Dum Dum Business Hub","","250"
"Arpita","Bosearpita.bose189@kolkatamobility.example","+91 9850170360","EMP-1189","Marketing","Salt Lake Corporate Hub","","1500"
"Niraj","Royniraj.roy190@kolkatamobility.example","+91 9891795364","EMP-1190","Administration","Dum Dum Business Hub","","250"
"Debarati C","hatterjeedebarati.chatterjee191@kolkatamobility.example","+91 9849665222","EMP-1191","Engineering","Dum Dum Business Hub","","500"
"Zoya","Royzoya.roy192@kolkatamobility.example","+91 9823990955","EMP-1192","C ustomer  Support","Rajarhat Corporate Hub","","500"
"Nikhil G","hoshnikhil.ghosh193@kolkatamobility.example","+91 9839519248","EMP-1193","C ustomer  Support","Howrah Transit Hub","","0"
"Debjit G","hoshdebjit.ghosh194@kolkatamobility.example","+91 9825701993","EMP-1194","Legal","Dum Dum Business Hub","","0"
"Suman","Palsuman.pal195@kolkatamobility.example","+91 9852223231","EMP-1195","Sales","Salt Lake Corporate Hub","","1500"
"Arjun","Sahaarjun.saha196@kolkatamobility.example","+91 9843729795","EMP-1196","Product","Dum Dum Business Hub","","750"
"Amit","Mehtaamit.mehta197@kolkatamobility.example","+91 9824118034","EMP-1197","Marketing","Esplanade Mobility Hub","","750"
"Rahul","Sharmarahul.sharma198@kolkatamobility.example","+91 9812233310","EMP-1198","Engineering","New Town Mobility Hub","","1500"
"Akash","Mondalakash.mondal199@kolkatamobility.example","+91 9852014578","EMP-1199","C ustomer  Support","Kolkata Tech Hub (Sector V)","","1500"
"Ishita","Sarkarishita.sarkar200@kolkatamobility.example","+91 9875670429","EMP-1200","Operations","Park Street Business Hub","","0"
"Soumya","Jainsoumya.jain201@kolkatamobility.example","+91 9839431167","EMP-1201","Human  Resources","New Town Mobility Hub","","250"
"Ayush","Mitraayush.mitra202@kolkatamobility.example","+91 9842963665","EMP-1202","Data  Analytics","Park Street Business Hub","","1500"
"Neha","Sarkarneha.sarkar203@kolkatamobility.example","+91 9880451301","EMP-1203","IT","Kolkata Tech Hub (Sector V)","","500\n0"
"Anirban","Bhattacharyaanirban.bhattacharya204@kolkatamobility.example","+91 9850231172","EMP-1204","Data  Analytics","New Town Mobility Hub","","500"
"Manish","Bhattacharyamanish.bhattacharya205@kolkatamobility.example","+91 9891745205","EMP-1205","Human  Resources","Esplanade Mobility Hub","","500"
"Anjali G","uptaanjali.gupta206@kolkatamobility.example","+91 9856412023","EMP-1206","Sales","New Town Mobility Hub","","500"
"Priya","Roypriya.roy207@kolkatamobility.example","+91 9861452000","EMP-1207","Administration","Kolkata Tech Hub (Sector V)","","1500"
"Madhur","Mehtamadhur.mehta208@kolkatamobility.example","+91 9847150764","EMP-1208","Marketing","Rajarhat Corporate Hub","","1500"
"Sakshi","Singhsakshi.singh209@kolkatamobility.example","+91 9830319490","EMP-1209","Finance","Howrah Transit Hub","","250"
"Vaishnavi","Sahavaishnavi.saha210@kolkatamobility.example","+91 9886200312","EMP-1210","Administration","Rajarhat Corporate Hub","","250"
"Vivek","Biswasvivek.biswas211@kolkatamobility.example","+91 9872906616","EMP-1211","ITDum  Dum  Business  HubEmployee  ( Carpool  Rider/Driver)\nSales","Esplanade Mobility Hub","","1500"
"Pranav","Mondalpranav.mondal212@kolkatamobility.example","+91 9885886648","EMP-1212","IT","Esplanade Mobility Hub","","1000"
"Pallavi","Mukherjeepallavi.mukherjee213@kolkatamobility.example","+91 9828841477","EMP-1213","Finance","Park Street Business Hub","","0"
"Aniket","Mukherjeeaniket.mukherjee214@kolkatamobility.example","+91 9875508836","EMP-1214","Sales","Salt Lake Corporate Hub","","1000"
"Anjali","Sarkaranjali.sarkar215@kolkatamobility.example","+91 9873928219","EMP-1215","Sales","Salt Lake Corporate Hub","","1000"
"Sanjana","Mehtasanjana.mehta216@kolkatamobility.example","+91 9847589202","EMP-1216","IT","Kolkata Tech Hub (Sector V)","","500"
"Piyali","Sarkarpiyali.sarkar217@kolkatamobility.example","+91 9856225072","EMP-1217","Human  Resources","Salt Lake Corporate Hub","","250"
"Pranav","Mehtapranav.mehta218@kolkatamobility.example","+91 9898603144","EMP-1218","Human  Resources","Howrah Transit Hub","","1500"
"Maya","Singhmaya.singh219@kolkatamobility.example","+91 9865976586","EMP-1219","C ustomer  Support","Howrah Transit Hub","","1500"
"Niraj C","hatterjeeniraj.chatterjee221@kolkatamobility.example","+91 9833175092","EMP-1221","C ustomer  Support","Dum Dum Business Hub","","1000"
"Aryan","Paularyan.paul222@kolkatamobility.example","+91 9814962144","EMP-1222","IT","Howrah Transit Hub","","1500"
"Sakshi","Mandalsakshi.mandal223@kolkatamobility.example","+91 9812875039","EMP-1223","C ustomer  Support","New Town Mobility Hub","","1000"
"Nikhil","Karnikhil.kar224@kolkatamobility.example","+91 9843576954","EMP-1224","C ustomer  Support","Park Street Business Hub","","500"
"Sanjana C","hatterjeesanjana.chatterjee225@kolkatamobility.example","+91 9870303928","EMP-1225","Engineering","Rajarhat Corporate Hub","","1000"
"Nikhil","Mitranikhil.mitra226@kolkatamobility.example","+91 9859992864","EMP-1226","Administration","Howrah Transit Hub","","0"
"Rupam","Paulrupam.paul227@kolkatamobility.example","+91 9834399177","EMP-1227","Engineering","Howrah Transit Hub","","250"
"Arpita","Mandalarpita.mandal228@kolkatamobility.example","+91 9876691643","EMP-1228","Finance","Howrah Transit Hub","","0"
"Tuhin C","hatterjeetuhin.chatterjee229@kolkatamobility.example","+91 9873243010","EMP-1229","Engineering","Park Street Business Hub","","750"
"Aarav","Jainaarav.jain230@kolkatamobility.example","+91 9864655699","EMP-1230","Data  Analytics","Rajarhat Corporate Hub","","1500"
"Mitali","Duttamitali.dutta231@kolkatamobility.example","+91 9823190841","EMP-1231","Human  Resources","Esplanade Mobility Hub","","500"
"Manish","Nandimanish.nandi232@kolkatamobility.example","+91 9854219502","EMP-1232","Operations","Esplanade Mobility Hub","","750"
"Amit","Dasamit.das233@kolkatamobility.example","+91 9858452627","EMP-1233","Sales","Howrah Transit Hub","","500"
"Maya","Bosemaya.bose234@kolkatamobility.example","+91 9892364592","EMP-1234","Human  Resources","Dum Dum Business Hub","","250"
"Meera","Jainmeera.jain235@kolkatamobility.example","+91 9819789876","EMP-1235","Finance","Park Street Business Hub","","250"
"Samar","Sharmasamar.sharma236@kolkatamobility.example","+91 9879058420","EMP-1236","Operations","Park Street Business Hub","","500"
"Karan","Dattakaran.datta237@kolkatamobility.example","+91 9819984024","EMP-1237","Operations","Park Street Business Hub","","1500"
"Parth","Sharmaparth.sharma238@kolkatamobility.example","+91 9833778292","EMP-1238","Product","Dum Dum Business Hub","","750"
"Nandini","Sennandini.sen239@kolkatamobility.example","+91 9811524936","EMP-1239","Data  Analytics","Kolkata Tech Hub (Sector V)","","250"
"Vivek","Sarkarvivek.sarkar240@kolkatamobility.example","+91 9886841054","EMP-1240","Human  Resources","Dum Dum Business Hub","","500"
"Subhajit","Mukherjeesubhajit.mukherjee241@kolkatamobility.example","+91 9826749226","EMP-1241","Product","Esplanade Mobility Hub","","1000"
"Madhur","Senmadhur.sen242@kolkatamobility.example","+91 9838313691","EMP-1242","Human  Resources","Park Street Business Hub","","250"
"Ishita G","hoshishita.ghosh243@kolkatamobility.example","+91 9883129647","EMP-1243","C ustomer  Support","Howrah Transit Hub","","250"
"Riya","Paulriya.paul244@kolkatamobility.example","+91 9888364651","EMP-1244","Administration","Esplanade Mobility Hub","","0"
"Debashis","Singhdebashis.singh245@kolkatamobility.example","+91 9832480108","EMP-1245","Finance","Rajarhat Corporate Hub","","0"
"Rohan","Dasrohan.das246@kolkatamobility.example","+91 9834324282","EMP-1246","Sales","Esplanade Mobility Hub","","500"
"Rajat","Vermarajat.verma247@kolkatamobility.example","+91 9895029378","EMP-1247","IT","Esplanade Mobility Hub","","750\n250"
"Sagnik","Mehtasagnik.mehta248@kolkatamobility.example","+91 9881946514","EMP-1248","Operations","Dum Dum Business Hub","","750"
"Maya G","hoshmaya.ghosh249@kolkatamobility.example","+91 9814770129","EMP-1249","IT","Dum Dum Business Hub","","1000"
"Ayush","Bhowmikayush.bhowmik250@kolkatamobility.example","+91 9842172169","EMP-1250","Product","Park Street Business Hub","","1500"
"Sayan","Sharmasayan.sharma251@kolkatamobility.example","+91 9821844338","EMP-1251","Operations","Rajarhat Corporate Hub","","0"
"Amit","Dattaamit.datta252@kolkatamobility.example","+91 9822686969","EMP-1252","Engineering","Esplanade Mobility Hub","","250"
"Tuhin","Mondaltuhin.mondal253@kolkatamobility.example","+91 9814504804","EMP-1253","IT","Salt Lake Corporate Hub","","250"
"Manish","Sarkarmanish.sarkar254@kolkatamobility.example","+91 9833111986","EMP-1254","Marketing","Howrah Transit Hub","","1500"
"Sneha","Bhowmiksneha.bhowmik255@kolkatamobility.example","+91 9838626953","EMP-1255","MarketingKolkata  Tech  Hub  (Sector  V)Employee  ( Carpool  Rider/Driver)\nData  Analytics","Rajarhat Corporate Hub","","0"
"Arjun","Mitraarjun.mitra256@kolkatamobility.example","+91 9833556678","EMP-1256","Human  Resources","Rajarhat Corporate Hub","","1000"
"Sagnik","Jainsagnik.jain257@kolkatamobility.example","+91 9884397127","EMP-1257","Finance","Howrah Transit Hub","","0"
"Rohit","Bhattacharyarohit.bhattacharya258@kolkatamobility.example","+91 9880368774","EMP-1258","Legal","Dum Dum Business Hub","","250"
"Mitali G","uptamitali.gupta259@kolkatamobility.example","+91 9871535190","EMP-1259","Legal","Howrah Transit Hub","","1500"
"Amit","Vermaamit.verma260@kolkatamobility.example","+91 9861720486","EMP-1260","Sales","Kolkata Tech Hub (Sector V)","","0"
"Sourav G","hoshsourav.ghosh261@kolkatamobility.example","+91 9844289695","EMP-1261","Sales","New Town Mobility Hub","","750"
"Mohit","Jainmohit.jain262@kolkatamobility.example","+91 9863482829","EMP-1262","IT","Dum Dum Business Hub","","1500"
"Debanjan","Banerjeedebanjan.banerjee263@kolkatamobility.example","+91 9887987052","EMP-1263","Product","Salt Lake Corporate Hub","","1000"
"Debanjan","Singhdebanjan.singh265@kolkatamobility.example","+91 9892953228","EMP-1265","Legal","Park Street Business Hub","","1000"
"Yash","Nandiyash.nandi266@kolkatamobility.example","+91 9890315056","EMP-1266","Administration","Salt Lake Corporate Hub","","0"
"Koushik","Biswaskoushik.biswas267@kolkatamobility.example","+91 9829402235","EMP-1267","Marketing","Rajarhat Corporate Hub","","0"
"Karan","Mondalkaran.mondal268@kolkatamobility.example","+91 9880976301","EMP-1268","Product","Dum Dum Business Hub","","250"
"Tanya","Pateltanya.patel269@kolkatamobility.example","+91 9858886208","EMP-1269","Product","Rajarhat Corporate Hub","","500"
"Vaishnavi","Palvaishnavi.pal270@kolkatamobility.example","+91 9886483949","EMP-1270","Administration","Salt Lake Corporate Hub","","250"
"Soham","Roysoham.roy271@kolkatamobility.example","+91 9858547553","EMP-1271","Product","Rajarhat Corporate Hub","","500"
"Yash G","angulyyash.ganguly272@kolkatamobility.example","+91 9861004588","EMP-1272","Administration","Kolkata Tech Hub (Sector V)","","1000"
"Sakshi","Dattasakshi.datta273@kolkatamobility.example","+91 9818537414","EMP-1273","C ustomer  Support","Park Street Business Hub","","250"
"Uday","Mondaluday.mondal274@kolkatamobility.example","+91 9835807109","EMP-1274","Finance","Park Street Business Hub","","500"
"Aryan C","hatterjeearyan.chatterjee275@kolkatamobility.example","+91 9814350145","EMP-1275","C ustomer  Support","Salt Lake Corporate Hub","","0"
"Samar","Mehtasamar.mehta276@kolkatamobility.example","+91 9885316678","EMP-1276","Human  Resources","Salt Lake Corporate Hub","","1000"
"Koushik","Mehtakoushik.mehta277@kolkatamobility.example","+91 9845777867","EMP-1277","Product","Park Street Business Hub","","500"
"Zoya","Mukherjeezoya.mukherjee278@kolkatamobility.example","+91 9820372708","EMP-1278","Administration","Howrah Transit Hub","","0"
"Madhur","Sarkarmadhur.sarkar279@kolkatamobility.example","+91 9849689408","EMP-1279","Legal","Rajarhat Corporate Hub","","1000"
"Arpita","Senarpita.sen280@kolkatamobility.example","+91 9843981774","EMP-1280","Sales","Park Street Business Hub","","1500"
"Pranav","Daspranav.das281@kolkatamobility.example","+91 9861266340","EMP-1281","Data  Analytics","Rajarhat Corporate Hub","","1500"
"Vaishnavi","Mukherjeevaishnavi.mukherjee282@kolkatamobility.example","+91 9862082343","EMP-1282","Human  Resources","Howrah Transit Hub","","0"
"Aniket","Sahaaniket.saha283@kolkatamobility.example","+91 9818535029","EMP-1283","Legal","Rajarhat Corporate Hub","","750"
"Rajat","Mandalrajat.mandal284@kolkatamobility.example","+91 9812962425","EMP-1284","Administration","Howrah Transit Hub","","500"
"Tanya","Sharmatanya.sharma285@kolkatamobility.example","+91 9817201105","EMP-1285","IT","New Town Mobility Hub","","0"
"Deb","Sharmadeb.sharma286@kolkatamobility.example","+91 9839441474","EMP-1286","Human  Resources","Esplanade Mobility Hub","","750"
"Pallavi","Biswaspallavi.biswas287@kolkatamobility.example","+91 9860771547","EMP-1287","Operations","New Town Mobility Hub","","500"
"Tanmoy","Sarkartanmoy.sarkar288@kolkatamobility.example","+91 9897106183","EMP-1288","Finance","Salt Lake Corporate Hub","","1500"
"Samir G","uptasamir.gupta289@kolkatamobility.example","+91 9825364679","EMP-1289","Data  Analytics","Kolkata Tech Hub (Sector V)","","500"
"Tanmoy","Nanditanmoy.nandi290@kolkatamobility.example","+91 9855132934","EMP-1290","Sales","Dum Dum Business Hub","","250"
"Debanjan","Nandidebanjan.nandi291@kolkatamobility.example","+91 9828368541","EMP-1291","Operations","Howrah Transit Hub","","1000\n1500"
"Anirban C","hatterjeeanirban.chatterjee292@kolkatamobility.example","+91 9867105643","EMP-1292","Operations","Kolkata Tech Hub (Sector V)","","1000"
"Ayush","Duttaayush.dutta293@kolkatamobility.example","+91 9876041483","EMP-1293","Product","Salt Lake Corporate Hub","","500"
"Deb","Banerjeedeb.banerjee294@kolkatamobility.example","+91 9869109409","EMP-1294","Human  Resources","Dum Dum Business Hub","","0"
"Rohan","Sarkarrohan.sarkar295@kolkatamobility.example","+91 9865767606","EMP-1295","Engineering","Dum Dum Business Hub","","500"
"Ishita G","angulyishita.ganguly296@kolkatamobility.example","+91 9891916024","EMP-1296","Operations","Park Street Business Hub","","0"
"Arpita","Royarpita.roy297@kolkatamobility.example","+91 9828444045","EMP-1297","Human  Resources","Kolkata Tech Hub (Sector V)","","250"
"Arpita G","uptaarpita.gupta298@kolkatamobility.example","+91 9824565082","EMP-1298","Engineering","Rajarhat Corporate Hub","","750"
"Rohit","Sarkarrohit.sarkar299@kolkatamobility.example","+91 9837293134","EMP-1299","Legal","Esplanade Mobility Hub","","1000"
"Sourav","Mehtasourav.mehta300@kolkatamobility.example","+91 9830855888","EMP-1300","Administration","Kolkata Tech Hub (Sector V)","","1500"
"Mohit G","angulymohit.ganguly301@kolkatamobility.example","+91 9899574874","EMP-1301","Sales","Kolkata Tech Hub (Sector V)","","500"
"Riya","Bhowmikriya.bhowmik302@kolkatamobility.example","+91 9855887098","EMP-1302","IT","Rajarhat Corporate Hub","","1000"
"Rohit G","uptarohit.gupta303@kolkatamobility.example","+91 9853494272","EMP-1303","Product","Esplanade Mobility Hub","","1000"
"Sagnik","Vermasagnik.verma304@kolkatamobility.example","+91 9855626090","EMP-1304","Legal","Esplanade Mobility Hub","","250"
"Deb","Kardeb.kar305@kolkatamobility.example","+91 9863240957","EMP-1305","Marketing","Kolkata Tech Hub (Sector V)","","1500"
"Arjun","Dasarjun.das306@kolkatamobility.example","+91 9818271654","EMP-1306","Product","Rajarhat Corporate Hub","","1500"
"Koushik","Patelkoushik.patel307@kolkatamobility.example","+91 9897383006","EMP-1307","Engineering","Rajarhat Corporate Hub","","1500"
"Vikash G","hoshvikash.ghosh309@kolkatamobility.example","+91 9836290539","EMP-1309","Marketing","Dum Dum Business Hub","","750"
"Ayush","Dasayush.das310@kolkatamobility.example","+91 9831185482","EMP-1310","Human  Resources","Esplanade Mobility Hub","","0"
"Parth","Sahaparth.saha311@kolkatamobility.example","+91 9845900533","EMP-1311","IT","Park Street Business Hub","","500"
"Zoya","Daszoya.das312@kolkatamobility.example","+91 9829489118","EMP-1312","C ustomer  Support","Rajarhat Corporate Hub","","250"
"Mihir","Dasmihir.das313@kolkatamobility.example","+91 9826923006","EMP-1313","IT","Dum Dum Business Hub","","250"
"Riya","Nandiriya.nandi314@kolkatamobility.example","+91 9854852669","EMP-1314","Finance","Rajarhat Corporate Hub","","500"
"Neel","Bhattacharyaneel.bhattacharya315@kolkatamobility.example","+91 9879687527","EMP-1315","Data  Analytics","Howrah Transit Hub","","500"
"Anjali","Vermaanjali.verma316@kolkatamobility.example","+91 9824096993","EMP-1316","Data  Analytics","Howrah Transit Hub","","0"
"Rupam","Duttarupam.dutta317@kolkatamobility.example","+91 9834722851","EMP-1317","Marketing","Rajarhat Corporate Hub","","250"
"Aditya","Mukherjeeaditya.mukherjee318@kolkatamobility.example","+91 9893484254","EMP-1318","Product","Howrah Transit Hub","","250"
"Vaishnavi","Sarkarvaishnavi.sarkar319@kolkatamobility.example","+91 9847737211","EMP-1319","Product","New Town Mobility Hub","","250"
"Disha","Nandidisha.nandi320@kolkatamobility.example","+91 9816294097","EMP-1320","Sales","New Town Mobility Hub","","1000"
"Mihir","Paulmihir.paul321@kolkatamobility.example","+91 9826609518","EMP-1321","Administration","Kolkata Tech Hub (Sector V)","","500"
"Ananya C","hatterjeeananya.chatterjee322@kolkatamobility.example","+91 9874159900","EMP-1322","Marketing","New Town Mobility Hub","","250"
"Rupam","Palrupam.pal323@kolkatamobility.example","+91 9849063524","EMP-1323","Administration","Salt Lake Corporate Hub","","0"
"Madhuri","Paulmadhuri.paul324@kolkatamobility.example","+91 9852417928","EMP-1324","Operations","Esplanade Mobility Hub","","0"
"Deb","Biswasdeb.biswas325@kolkatamobility.example","+91 9875444719","EMP-1325","Human  Resources","Esplanade Mobility Hub","","1500"
"Manish","Sahamanish.saha326@kolkatamobility.example","+91 9851277631","EMP-1326","Engineering","Park Street Business Hub","","0"
"Raj","Boseraj.bose327@kolkatamobility.example","+91 9842353467","EMP-1327","Legal","Howrah Transit Hub","","1500"
"Shubham","Mehtashubham.mehta328@kolkatamobility.example","+91 9834679711","EMP-1328","Marketing","Kolkata Tech Hub (Sector V)","","500"
"Meera","Mondalmeera.mondal329@kolkatamobility.example","+91 9852930658","EMP-1329","Legal","Howrah Transit Hub","","0"
"Aditya","Biswasaditya.biswas330@kolkatamobility.example","+91 9842715141","EMP-1330","Data  Analytics","Salt Lake Corporate Hub","","500"
"Anjali","Duttaanjali.dutta331@kolkatamobility.example","+91 9873457742","EMP-1331","Administration","Rajarhat Corporate Hub","","1500"
"Arpita","Mitraarpita.mitra332@kolkatamobility.example","+91 9844574226","EMP-1332","Marketing","Kolkata Tech Hub (Sector V)","","500"
"Suman","Karsuman.kar333@kolkatamobility.example","+91 9828548566","EMP-1333","Data  Analytics","Kolkata Tech Hub (Sector V)","","750"
"Sayan","Patelsayan.patel334@kolkatamobility.example","+91 9888537543","EMP-1334","IT","Howrah Transit Hub","","0\n"
"Sagnik","Sarkarsagnik.sarkar335@kolkatamobility.example","+91 9845028758","EMP-1335","Data  Analytics","Howrah Transit Hub","","0"
"Kavya","Senkavya.sen336@kolkatamobility.example","+91 9888233919","EMP-1336","Engineering","New Town Mobility Hub","","0"
"Shreya","Palshreya.pal337@kolkatamobility.example","+91 9816263622","EMP-1337","Legal","New Town Mobility Hub","","0"
"Meera","Sahameera.saha338@kolkatamobility.example","+91 9823970655","EMP-1338","Legal","Rajarhat Corporate Hub","","0"
"Priya","Bosepriya.bose339@kolkatamobility.example","+91 9888917680","EMP-1339","Engineering","Salt Lake Corporate Hub","","0"
"Aditya","Karaditya.kar340@kolkatamobility.example","+91 9839791758","EMP-1340","Legal","Esplanade Mobility Hub","","0"
"Sakshi","Nandisakshi.nandi341@kolkatamobility.example","+91 9827602272","EMP-1341","IT","Park Street Business Hub","","0"
"Aditya","Singhaditya.singh342@kolkatamobility.example","+91 9850321990","EMP-1342","IT","Howrah Transit Hub","","0"
"Anirban","Vermaanirban.verma343@kolkatamobility.example","+91 9883185227","EMP-1343","","","","0"
"Disha G","hoshdisha.ghosh344@kolkatamobility.example","+91 9810140480","EMP-1344","","","","0"
"Disha","Dattadisha.datta345@kolkatamobility.example","+91 9875686309","EMP-1345","","","","0"
"Tanya","Sahatanya.saha346@kolkatamobility.example","+91 9892440835","EMP-1346","","","","0"
"Shreya","Patelshreya.patel347@kolkatamobility.example","+91 9844426692","EMP-1347","","","","0"
"Neha","Nandineha.nandi348@kolkatamobility.example","+91 9885479723","EMP-1348","","","","0"
"Samar","Biswassamar.biswas349@kolkatamobility.example","+91 9857364692","EMP-1349","","","","0"
"Debjit","Sarkardebjit.sarkar350@kolkatamobility.example","+91 9831897892","EMP-1350","","","","0"